message,label
"You're doing a great job, keep pushing forward!","supportive"
"I'm here to support you with anything you need.","supportive"
"Your contributions have been very helpful, thank you!","supportive"
"The report needs significant improvements.","critical"
"There were errors in the last project submission.","critical"
"The results were not satisfactory and require rework.","critical"
"The quarterly meeting is scheduled for next Monday.","informative"
"Please ensure all reports are submitted by Friday evening.","informative"
"The new policy will be effective starting next month.","informative"
"Well done on completing the project ahead of schedule!","praising"
"You have made significant progress in the project, excellent work!","praising"
"Congratulations on your outstanding performance this quarter!","praising"
"I'm sorry for the late submission.","apologetic"
"Apologies for the delay in responding to your query.","apologetic"
"I apologize for missing the deadline last week.","apologetic"
"Ensure all reports are submitted by Friday.","directive"
"Complete the project by the end of this week.","directive"
"Finish the client presentation by tomorrow morning.","directive"
"Keep up the great work, you're doing amazing!","encouraging"
"Stay positive and keep pushing forward!","encouraging"
"You're capable of achieving great things!","encouraging"
"Hello team, please provide your updates at the earliest.","formal"
"I apologize for the delay in response.","apologetic"
"Let's get this done quickly!","assertive"
"Hey, wanna grab coffee later?","informal"
"Please confirm if you will be able to join the meeting tomorrow.","formal"
"I'm truly sorry for missing our scheduled call yesterday.","apologetic"
"We need to wrap this project by Friday. No delays!","assertive"
"Hey! Wanna catch a movie tonight?","informal"
"Thank you for the detailed report. Much appreciated!","appreciative"
"Can you help me understand the next steps?","inquisitive"
"I believe the proposal aligns well with our objectives.","supportive"
"I noticed a few discrepancies in the report that need to be addressed.","constructive"
"We should explore alternative approaches for better results.","suggestive"
"Well done on your recent achievements! Keep it up.","encouraging"
"Let me explain the reasoning behind this decision.","explanatory"
"I'm concerned about the lack of progress on this task.","concerned"
"Please stop interrupting during discussions; it's disruptive.","critical"
"Just a reminder about tomorrow's meeting at 10 AM.","reminder"
"Congratulations on your promotion! Well deserved.","celebratory"
"Make sure you submit the forms by the deadline.","directive"
"Would you be open to collaborating on this project?","collaborative"
"Let's work together to find a solution for this issue.","cooperative"
"Looking forward to catching up soon!","friendly"
"That was an outstanding presentation!","praising"
"Please let me know if you have any questions about the report.","informative"
"I apologize for the inconvenience caused by the delay.","apologetic"
"You did an amazing job on the presentation!","praising"
"We should consider alternative solutions for this challenge.","suggestive"
"Your feedback has been extremely valuable for our progress.","appreciative"
"I believe we can find a compromise that works for both teams.","negotiative"
"I'm following up on my previous email regarding the project timeline.","follow-up"
"We need to focus on completing the critical tasks first.","prioritizing"
"I don't think this approach will work for our goals.","disapproving"
"Can we schedule a call to clarify the project milestones?","inquisitive"
"Let's collaborate to make this campaign a success.","collaborative"
"Your input would be greatly appreciated for this decision.","inclusive"
"I'm committed to ensuring the project's success.","commitment"
"Kindly avoid using unapproved resources for this task.","restrictive"
"I'm excited to start working with you on this project!","enthusiastic"
"This is a gentle reminder to submit your expense reports.","reminder"
"I have noted your concerns and will address them soon.","acknowledging"
"Let's keep pushing to meet the deadline. We can do it!","motivational"
"Please provide a detailed summary of your findings.","directive"
"I'm happy to assist you with any questions you may have.","supportive"
"That decision will need further approval before implementation.","authoritative"
"We could explore different strategies to increase engagement.","brainstorming"
"I need a favor, could you help me with this task?","requesting"
"We appreciate your hard work and dedication to this project.","appreciative"
message,label
"You're doing a fantastic job, keep it up!","supportive"
"I'm here to support you with anything you need.","supportive"
"Your contributions have been extremely helpful, thank you!","supportive"
"I apologize for the delay in response.","apologetic"
"Sorry for the inconvenience caused.","apologetic"
"Apologies for the error in my last report.","apologetic"
"The quarterly meeting is scheduled for next week.","informative"
"Please be informed that the policy will be updated next month.","informative"
"The project deadline has been extended to next week.","informative"
"Please ensure all team members submit their reports on time.","directive"
"Ensure the presentation is submitted before tomorrow.","directive"
"Submit the completed task by Friday.","directive"
"Congratulations on your promotion, well deserved!","praising"
"Great job on the recent project update!","praising"
"Excellent work on the presentation!","praising"
"The report needs significant improvements.","critical"
"Errors were found in the submitted document.","critical"
"Critical issues were identified during the review.","critical"
"Keep pushing forward, you're capable of great things!","encouraging"
"Stay positive and keep working hard!","encouraging"
"You're doing great, stay motivated!","encouraging"
"You're making fantastic progress, keep going!","supportive"
"Apologies for missing the deadline last week.","apologetic"
"Project timelines have been revised, please review them carefully.","informative"
"Submit the financial report before the end of the day.","directive"
"Fantastic effort on the client presentation, well done!","praising"
"The last project had multiple unresolved issues.","critical"
"Don't give up, your efforts will pay off soon!","encouraging"
"Your teamwork has been truly exceptional, thank you!","supportive"
"Apologies for not following up earlier.","apologetic"
"The weekly team meeting has been rescheduled.","informative"
"Please send your availability for next week's training session.","directive"
"You've exceeded expectations, keep shining!","praising"
"Several bugs were identified in the latest code review.","critical"
"Keep striving, you're capable of achieving greatness!","encouraging"
"Your dedication to the project has been inspiring.","supportive"
"Apologies for the confusion caused by the recent changes.","apologetic"
"A reminder that the policy changes take effect next month.","informative"
"Please verify the accuracy of the latest report.","directive"
"Exceptional work on the latest deliverables, well done!","praising"
"The code quality needs substantial improvement before release.","critical"
"You're on the right track, keep up the effort!","encouraging"
"Your collaboration has been greatly valued.","supportive"
"Apologies for the last-minute request.","apologetic"
"The monthly report has been uploaded to the portal.","informative"
"Ensure all client feedback is addressed before submission.","directive"
"Brilliant performance in the recent evaluations, keep it up!","praising"
"Several critical issues were identified during testing.","critical"
"You're making a positive difference with your work!","encouraging"